{"cameraMode":{"drawMode":0,"name":"Shaded","section":"Shading Mode"},"sceneLighting":true,"audioPlay":false,"sceneViewState":{"showFog":true,"showMaterialUpdate":true,"showSkybox":true,"showFlares":true,"showImageEffects":true,"showParticleSystems":true},"in2DMode":false,"pivot":{"x":-1.7651100158691407,"y":1.3565301895141602,"z":1.3801698684692383},"rotation":{"x":-0.057296816259622577,"y":0.9322251677513123,"z":-0.16993480920791627,"w":-0.3143179416656494},"size":10.634819030761719,"orthographic":true}